<?xml version="1.0"?>
<doc>
    <assembly>
        <name>TwitchLib.Api.Core.Enums</name>
    </assembly>
    <members>
        <member name="T:TwitchLib.Api.Core.Enums.ApiVersion">
            <summary>
            Twitch API Version
            </summary>
        </member>
        <member name="F:TwitchLib.Api.Core.Enums.ApiVersion.Auth">
            <summary>
            Auth APIs with base url: id.twitch.tv
            </summary>
        </member>
        <member name="F:TwitchLib.Api.Core.Enums.ApiVersion.Helix">
            <summary>
            Helix APIs, "Version 6" of the Twitch api with base url: api.twitch.tv/helix
            </summary>
        </member>
        <member name="F:TwitchLib.Api.Core.Enums.ApiVersion.Void">
            <summary>
            Anything else
            </summary>
        </member>
        <member name="T:TwitchLib.Api.Core.Enums.BadgeColor">
            <summary>Color enum representing color based on cheer amount.</summary>
        </member>
        <member name="F:TwitchLib.Api.Core.Enums.BadgeColor.Red">
            <summary>Red = 10000+</summary>
        </member>
        <member name="F:TwitchLib.Api.Core.Enums.BadgeColor.Blue">
            <summary>Blue = 5000 -> 9999</summary>
        </member>
        <member name="F:TwitchLib.Api.Core.Enums.BadgeColor.Green">
            <summary>Green = 1000 -> 4999</summary>
        </member>
        <member name="F:TwitchLib.Api.Core.Enums.BadgeColor.Purple">
            <summary>Purple = 100 -> 999</summary>
        </member>
        <member name="F:TwitchLib.Api.Core.Enums.BadgeColor.Gray">
            <summary>Gray = 1 -> 99</summary>
        </member>
        <member name="T:TwitchLib.Api.Core.Enums.LogType">
            <summary>Enum to alter color effects in log</summary>
        </member>
        <member name="F:TwitchLib.Api.Core.Enums.LogType.Normal">
            <summary>White</summary>
        </member>
        <member name="F:TwitchLib.Api.Core.Enums.LogType.Failure">
            <summary>Red</summary>
        </member>
        <member name="F:TwitchLib.Api.Core.Enums.LogType.Success">
            <summary>Green</summary>
        </member>
        <member name="T:TwitchLib.Api.Core.Enums.Period">
            <summary>Period value used to specify time frame for clips.</summary>
        </member>
        <member name="F:TwitchLib.Api.Core.Enums.Period.Day">
            <summary>Represents a single day.</summary>
        </member>
        <member name="F:TwitchLib.Api.Core.Enums.Period.Week">
            <summary>Represents a single week.</summary>
        </member>
        <member name="F:TwitchLib.Api.Core.Enums.Period.Month">
            <summary>Represents a single month.</summary>
        </member>
        <member name="F:TwitchLib.Api.Core.Enums.Period.All">
            <summary>Represents a all time frames.</summary>
        </member>
        <member name="T:TwitchLib.Api.Core.Enums.StringEnum">
            <summary>Really cool way of doing string enums, credits to RogueException (https://github.com/RogueException)</summary>
        </member>
        <member name="P:TwitchLib.Api.Core.Enums.StringEnum.Value">
            <summary>Value of enum</summary>
        </member>
        <member name="M:TwitchLib.Api.Core.Enums.StringEnum.#ctor(System.String)">
            <summary>StringEnum constructor.</summary>
        </member>
        <member name="M:TwitchLib.Api.Core.Enums.StringEnum.ToString">
            <summary>Returns string value for overriden ToString()</summary>
            <returns>Enum value</returns>
        </member>
        <member name="T:TwitchLib.Api.Core.Enums.UserType">
            <summary>Enum representing various user-types.</summary>
        </member>
        <member name="F:TwitchLib.Api.Core.Enums.UserType.Viewer">
            <summary>The standard user-type representing a standard viewer.</summary>
        </member>
        <member name="F:TwitchLib.Api.Core.Enums.UserType.VIP">
            <summary>User-type representing viewers with channel-specific vip powers.</summary>
        </member>
        <member name="F:TwitchLib.Api.Core.Enums.UserType.Moderator">
            <summary>User-type representing viewers with channel-specific moderation powers.</summary>
        </member>
        <member name="F:TwitchLib.Api.Core.Enums.UserType.GlobalModerator">
            <summary>User-type representing viewers with Twitch-wide moderation powers.</summary>
        </member>
        <member name="F:TwitchLib.Api.Core.Enums.UserType.Broadcaster">
            <summary>User-type representing the broadcaster of the channel</summary>
        </member>
        <member name="F:TwitchLib.Api.Core.Enums.UserType.Admin">
            <summary>User-type representing viewers with Twitch-wide moderation powers that are paid.</summary>
        </member>
        <member name="F:TwitchLib.Api.Core.Enums.UserType.Staff">
            <summary>User-type representing viewers that are Twitch employees.</summary>
        </member>
    </members>
</doc>
